rental_id,rental_date,return_date,customer_id,store_id,film_id,payment_amount
4863,"2005-07-08 19:03:15","2005-07-11 21:29:15",431,1,1,0.99
11433,"2005-08-02 20:13:10","2005-08-11 21:35:10",518,1,1,3.99
14714,"2005-08-21 21:27:43","2005-08-30 22:26:43",279,1,1,3.99
972,"2005-05-30 20:21:07","2005-06-06 00:36:07",411,1,1,1.99
2117,"2005-06-17 20:24:00","2005-06-23 17:45:00",170,1,1,0.99
4187,"2005-07-07 10:41:31","2005-07-11 06:25:31",161,1,1,0.99
9449,"2005-07-30 22:02:34","2005-08-06 02:09:34",581,1,1,1.99
15453,"2005-08-23 01:01:01","2005-08-30 20:08:01",359,1,1,1.99
10126,"2005-07-31 21:36:07","2005-08-03 23:59:07",39,1,1,0.99
15421,"2005-08-22 23:56:37","2005-08-25 18:58:37",541,1,1,0.99
10883,"2005-08-02 00:47:19","2005-08-03 00:02:19",301,1,1,0.99
14624,"2005-08-21 18:32:42","2005-08-23 21:09:42",344,1,1,0.99
6493,"2005-07-12 02:40:41","2005-07-16 04:56:41",184,1,4,2.99
8931,"2005-07-30 02:30:07","2005-08-02 08:24:07",268,1,4,2.99
15352,"2005-08-22 21:16:54","2005-08-31 00:38:54",560,1,4,6.99
995,"2005-05-31 00:06:02","2005-06-06 02:30:02",150,1,4,3.99
2090,"2005-06-17 18:06:14","2005-06-22 23:52:14",197,1,4,2.99
5682,"2005-07-10 08:51:39","2005-07-12 14:44:39",302,1,4,2.99
6970,"2005-07-27 00:26:14","2005-08-03 20:00:14",418,1,4,4.99
11714,"2005-08-17 07:34:55","2005-08-18 04:07:55",151,1,4,2.99
8331,"2005-07-29 04:13:29","2005-08-04 07:09:29",148,1,4,3.99
15199,"2005-08-22 16:17:49","2005-08-25 20:12:49",216,1,4,2.99
3506,"2005-07-06 00:22:29","2005-07-07 22:15:29",459,1,4,2.99
9863,"2005-07-31 13:05:29","2005-08-08 12:33:29",239,1,4,5.99
15174,"2005-08-22 15:26:36","2005-08-31 10:47:36",111,1,4,6.99
317,"2005-05-26 23:23:56","2005-06-01 19:56:56",391,1,6,5.99
3391,"2005-06-21 15:11:02","2005-06-25 14:12:02",45,1,6,3.99
4594,"2005-07-08 06:40:06","2005-07-16 05:51:06",506,1,6,7.99
8353,"2005-07-29 04:52:10","2005-07-30 04:01:10",585,1,6,2.99
12764,"2005-08-18 23:14:15","2005-08-22 20:23:15",183,1,6,3.99
2965,"2005-06-20 07:33:38","2005-06-29 11:45:38",46,1,6,8.99
3567,"2005-07-06 03:09:36","2005-07-12 02:15:36",355,1,6,5.99
10526,"2005-08-01 11:55:33","2005-08-08 16:42:33",14,1,6,6.99
11944,"2005-08-17 17:02:42","2005-08-21 16:40:42",389,1,6,3.99
8263,"2005-07-29 01:11:23","2005-07-31 01:53:23",5,1,6,2.99
13796,"2005-08-20 12:32:32","2005-08-29 10:48:32",209,1,6,8.99
11084,"2005-08-02 07:34:19","2005-08-07 09:30:19",369,1,7,4.99
14942,"2005-08-22 05:58:27","2005-08-31 10:08:27",471,1,7,7.99
3159,"2005-06-20 21:11:50","2005-06-29 19:35:50",388,1,7,7.99
4937,"2005-07-08 22:29:59","2005-07-15 21:51:59",273,1,7,5.99
10205,"2005-08-01 00:48:24","2005-08-06 23:53:24",87,1,7,4.99
15224,"2005-08-22 17:18:05","2005-08-29 14:35:05",81,1,7,5.99
5745,"2005-07-10 12:10:11","2005-07-19 06:56:11",305,1,9,8.99
10036,"2005-07-31 18:47:20","2005-08-03 22:53:20",491,1,9,2.99
15802,"2005-08-23 14:26:51","2005-08-29 16:28:51",158,1,9,5.99
3880,"2005-07-06 18:32:49","2005-07-07 20:46:49",507,1,9,2.99
8837,"2005-07-29 22:49:00","2005-08-07 21:56:00",372,1,9,8.99
15639,"2005-08-23 08:03:25","2005-08-24 10:21:25",214,1,9,2.99
7835,"2005-07-28 08:49:39","2005-08-02 07:16:39",547,1,9,4.99
15776,"2005-08-23 13:26:01","2005-08-29 18:17:01",514,1,9,5.99
1948,"2005-06-17 08:06:53","2005-06-21 05:00:53",89,1,10,4.99
6703,"2005-07-12 12:50:19","2005-07-16 13:41:19",470,1,10,4.99
7174,"2005-07-27 08:00:36","2005-08-01 03:11:36",570,1,10,4.99
13109,"2005-08-19 11:23:20","2005-08-25 17:05:20",259,1,10,4.99
10696,"2005-08-01 18:18:13","2005-08-04 14:09:13",120,1,10,4.99
13345,"2005-08-19 20:25:24","2005-08-27 20:38:24",55,1,10,6.99
10482,"2005-08-01 10:17:47","2005-08-02 15:04:47",358,1,10,4.99
14697,"2005-08-21 20:49:21","2005-08-26 01:39:21",409,1,10,4.99
4400,"2005-07-07 21:22:26","2005-07-16 00:59:26",370,1,10,7.99
10210,"2005-08-01 00:58:52","2005-08-10 01:16:52",391,1,10,7.99
13878,"2005-08-20 15:17:38","2005-08-21 21:11:38",481,1,10,4.99
563,"2005-05-28 09:10:49","2005-06-06 11:32:49",324,1,11,3.99
2517,"2005-06-19 00:11:26","2005-06-25 02:19:26",74,1,11,0.99
5461,"2005-07-09 22:48:04","2005-07-10 17:56:04",244,1,11,0.99
8365,"2005-07-29 05:11:00","2005-07-30 05:30:00",280,1,11,0.99
13395,"2005-08-19 22:05:40","2005-08-22 01:31:40",80,1,11,0.99
10119,"2005-07-31 21:20:59","2005-08-02 23:14:59",351,1,11,0.99
12780,"2005-08-18 23:48:16","2005-08-20 18:13:16",373,1,11,0.99
5418,"2005-07-09 20:41:35","2005-07-14 00:15:35",114,1,11,0.99
7635,"2005-07-28 01:08:11","2005-08-01 03:32:11",413,1,11,0.99
12380,"2005-08-18 08:27:28","2005-08-25 02:58:28",215,1,11,1.99
4027,"2005-07-07 02:19:01","2005-07-10 01:12:01",116,1,11,0.99
11254,"2005-08-02 13:43:49","2005-08-08 13:16:49",315,1,11,0.99
14887,"2005-08-22 04:04:31","2005-08-31 02:30:31",421,1,11,3.99
6936,"2005-07-26 23:13:34","2005-07-30 19:14:34",538,1,12,0.99
13625,"2005-08-20 06:52:03","2005-08-27 07:43:03",422,1,12,1.99
1724,"2005-06-16 15:15:43","2005-06-23 10:14:43",146,1,12,1.99
5594,"2005-07-10 04:33:36","2005-07-12 08:13:36",440,1,12,0.99
8563,"2005-07-29 11:32:58","2005-08-05 07:21:58",67,1,12,1.99
15232,"2005-08-22 17:37:02","2005-08-25 18:45:02",5,1,12,0.99
827,"2005-05-29 21:58:43","2005-06-06 00:54:43",573,1,12,2.99
1270,"2005-06-15 07:30:22","2005-06-18 11:31:22",395,1,12,0.99
4061,"2005-07-07 04:13:35","2005-07-10 23:58:35",70,1,12,0.99
9179,"2005-07-30 12:02:41","2005-08-05 15:23:41",50,1,12,0.99
13110,"2005-08-19 11:24:37","2005-08-21 05:48:37",447,1,12,0.99
505,"2005-05-28 02:06:37","2005-05-29 06:57:37",111,1,15,2.99
2074,"2005-06-17 16:40:03","2005-06-20 21:34:03",495,1,15,2.99
6090,"2005-07-11 05:47:08","2005-07-20 07:52:08",241,1,15,6.99
11262,"2005-08-02 13:58:55","2005-08-05 18:09:55",348,1,15,2.99
15565,"2005-08-23 05:13:09","2005-08-30 08:58:09",546,1,15,4.99
481,"2005-05-27 22:49:27","2005-05-30 17:46:27",445,1,15,2.99
2699,"2005-06-19 13:29:28","2005-06-24 11:15:28",267,1,15,2.99
4443,"2005-07-07 23:05:53","2005-07-16 01:46:53",389,1,15,6.99
10362,"2005-08-01 05:55:13","2005-08-10 10:23:13",181,1,15,6.99
13874,"2005-08-20 15:11:48","2005-08-21 18:26:48",86,1,15,2.99
10103,"2005-07-31 20:49:13","2005-08-05 15:55:13",25,1,16,2.99
14976,"2005-08-22 07:10:26","2005-08-28 07:22:26",581,1,16,2.99
2461,"2005-06-18 19:58:12","2005-06-28 01:35:12",343,1,16,6.99
5382,"2005-07-09 19:12:57","2005-07-14 15:44:57",586,1,16,2.99
10890,"2005-08-02 00:58:46","2005-08-10 02:13:46",210,1,16,4.99
12442,"2005-08-18 10:50:07","2005-08-21 08:06:07",270,1,16,2.99
10606,"2005-08-01 14:39:15","2005-08-08 11:31:15",335,1,17,4.99
12988,"2006-02-14 15:16:03",NULL,236,1,17,0.99
4612,"2005-07-08 07:40:44","2005-07-12 03:48:44",371,1,17,1.99
10470,"2005-08-01 09:52:26","2005-08-05 06:52:26",523,1,17,1.99
14585,"2005-08-21 17:18:33","2005-08-26 11:36:33",30,1,17,2.99
8271,"2005-07-29 01:27:44","2005-08-07 05:01:44",481,1,17,6.99
13606,"2005-08-20 06:07:01","2005-08-27 04:59:01",146,1,17,4.99
664,"2005-05-28 21:31:08","2005-06-02 20:56:08",523,1,18,0.99
1985,"2005-06-17 10:31:37","2005-06-22 11:17:37",411,1,18,0.99
6563,"2005-07-12 05:34:09","2005-07-21 07:37:09",438,1,18,3.99
7637,"2005-07-28 01:12:25","2005-08-02 03:48:25",91,1,18,0.99
14002,"2005-08-20 20:12:19","2005-08-23 00:23:19",33,1,18,0.99
781,"2005-05-29 14:23:58","2005-05-30 17:44:58",313,1,18,0.99
2804,"2005-06-19 19:24:54","2005-06-25 01:19:54",426,1,18,0.99
4433,"2005-07-07 22:45:41","2005-07-16 23:30:41",449,1,18,3.99
7044,"2005-07-27 03:27:29","2005-08-01 07:00:29",147,1,18,0.99
15527,"2005-08-23 03:44:51","2005-08-25 03:09:51",393,1,18,0.99
4453,"2005-07-07 23:32:39","2005-07-12 01:38:39",560,1,18,0.99
8646,"2005-07-29 14:48:48","2005-08-03 18:11:48",302,1,18,0.99
14418,"2005-08-21 11:14:26","2005-08-28 08:34:26",442,1,18,1.99
10895,"2005-08-02 01:16:59","2005-08-03 02:41:59",77,1,19,0.99
12268,"2005-08-18 04:26:54","2005-08-23 06:40:54",39,1,19,0.99
3150,"2005-06-20 20:35:28","2005-06-26 01:01:28",34,1,19,0.99
5072,"2005-07-09 05:01:58","2005-07-18 08:17:58",254,1,19,3.99
9080,"2005-07-30 08:02:39","2005-08-06 12:02:39",276,1,19,1.99
14603,"2005-08-21 17:51:06","2005-08-28 15:36:06",26,1,19,1.99
588,"2005-05-28 12:08:37","2005-05-29 16:25:37",89,1,19,0.99
2867,"2005-06-20 00:08:38","2005-06-23 19:35:38",483,1,19,0.99
6030,"2005-07-11 02:37:51","2005-07-16 22:34:51",36,1,19,0.99
7788,"2005-07-28 07:21:55","2005-08-03 06:33:55",487,1,19,0.99
14310,"2005-08-21 07:44:32","2005-08-22 09:02:32",177,1,19,0.99
10509,"2005-08-01 11:25:28","2005-08-10 09:19:28",504,1,19,3.99
14349,"2005-08-21 08:54:53","2005-08-30 14:27:53",119,1,19,3.99
2199,"2005-06-18 01:57:56","2005-06-23 20:34:56",171,1,20,5.99
5684,"2005-07-10 08:59:03","2005-07-15 07:21:03",132,1,20,5.99
7946,"2005-07-28 13:01:22","2005-08-03 15:27:22",90,1,20,6.99
12052,"2005-08-17 20:57:02","2005-08-25 19:04:02",536,1,20,8.99
2036,"2005-06-17 13:46:52","2005-06-18 15:42:52",486,1,20,4.99
4790,"2005-07-08 16:25:27","2005-07-11 11:35:27",500,1,20,4.99
8963,"2005-07-30 03:46:26","2005-08-08 06:12:26",544,1,20,9.99
15740,"2005-08-23 12:07:51","2005-08-24 13:23:51",229,1,20,4.99
9210,"2005-07-30 12:56:44","2005-08-08 09:41:44",105,1,20,9.99
11857,"2005-08-17 13:48:30","2005-08-18 15:55:30",146,1,20,4.99
207,"2005-05-26 08:04:38","2005-05-27 09:32:38",47,1,21,4.99
1454,"2005-06-15 19:49:41","2005-06-17 15:17:41",298,1,21,4.99
4115,"2005-07-07 06:52:23","2005-07-14 06:12:23",371,1,21,8.99
10757,"2005-08-01 20:22:44","2005-08-04 19:48:44",188,1,21,4.99
14908,"2005-08-22 04:44:10","2005-08-25 05:09:10",349,1,21,4.99
135,"2005-05-25 21:58:58","2005-06-03 17:50:58",304,1,21,10.99
2803,"2005-06-19 19:18:27","2005-06-27 21:48:27",120,1,21,9.99
6793,"2005-07-12 16:37:55","2005-07-21 16:04:55",148,1,21,10.99
9374,"2005-07-30 19:10:03","2005-08-06 21:54:03",302,1,21,8.99
15643,"2005-08-23 08:13:26","2005-08-25 05:18:26",298,1,21,4.99
1269,"2005-06-15 07:29:59","2005-06-16 13:26:59",59,1,22,2.99
4967,"2005-07-08 23:48:03","2005-07-15 23:51:03",339,1,22,3.99
8326,"2005-07-29 03:58:49","2005-08-01 05:16:49",1,1,22,2.99
13964,"2005-08-20 18:24:26","2005-08-21 21:19:26",128,1,22,2.99
2923,"2005-06-20 04:16:07","2005-06-21 05:04:07",29,1,22,2.99
6452,"2005-07-12 00:57:31","2005-07-14 20:41:31",388,1,22,2.99
7202,"2005-07-27 09:00:20","2005-08-04 03:09:20",560,1,22,4.99
14346,"2005-08-21 08:42:26","2005-08-23 09:18:26",17,1,22,2.99
1987,"2005-06-17 10:40:36","2005-06-23 14:23:36",479,1,22,2.99
5106,"2005-07-09 06:40:24","2005-07-13 10:28:24",137,1,22,2.99
10317,"2005-08-01 04:35:34","2005-08-06 02:27:34",561,1,22,2.99
15221,"2005-08-22 17:12:29","2005-08-24 20:46:29",253,1,22,2.99
7829,"2005-07-28 08:43:39","2005-08-04 14:33:39",5,1,22,3.99
13201,"2005-08-19 14:56:05","2005-08-25 14:37:05",508,1,22,2.99
1364,"2005-06-15 14:05:32","2005-06-16 15:31:32",400,1,23,0.99
4818,"2005-07-08 17:18:22","2005-07-14 14:40:22",144,1,23,3.99
7837,"2005-07-28 08:58:32","2005-07-29 14:11:32",374,1,23,0.99
14026,"2005-08-20 21:21:08","2005-08-22 23:19:08",231,1,23,0.99
1726,"2005-06-16 15:19:10","2005-06-25 11:39:10",3,1,23,6.99
4361,"2005-07-07 19:33:23","2005-07-12 22:36:23",425,1,23,2.99
7921,"2005-07-28 12:02:46","2005-08-01 12:08:46",100,1,23,1.99
2249,"2005-06-18 05:03:08","2005-06-26 05:43:08",285,1,23,5.99
3485,"2005-07-05 23:25:54","2005-07-09 17:38:54",111,1,23,1.99
10866,"2005-08-02 00:22:49","2005-08-07 04:38:49",424,1,23,2.99
13665,"2005-08-20 08:19:20","2005-08-28 06:26:20",291,1,23,5.99
3021,"2005-06-20 11:13:01","2005-06-28 16:15:01",62,1,24,4.99
5918,"2005-07-10 21:32:06","2005-07-19 21:35:06",34,1,24,5.99
7444,"2005-07-27 17:49:16","2005-07-28 15:05:16",531,1,24,2.99
13221,"2005-08-19 15:45:47","2005-08-26 21:10:47",468,1,24,3.99
9438,"2005-07-30 21:36:15","2005-08-07 16:54:15",14,1,24,4.99
15249,"2005-08-22 17:58:27","2005-08-30 14:55:27",444,1,24,4.99
2985,"2005-06-20 08:45:08","2005-06-22 04:26:08",154,1,24,2.99
5243,"2005-07-09 13:22:08","2005-07-16 09:25:08",587,1,24,3.99
9980,"2005-07-31 17:02:00","2005-08-08 11:11:00",225,1,24,4.99
14442,"2005-08-21 12:00:21","2005-08-23 17:00:21",205,1,24,2.99
1705,"2005-06-16 13:59:42","2005-06-18 19:54:42",564,1,24,2.99
3737,"2005-07-06 11:45:53","2005-07-13 15:27:53",403,1,24,3.99
10042,"2005-07-31 19:01:25","2005-08-06 14:21:25",204,1,24,2.99
13387,"2005-08-19 21:46:10","2005-08-24 01:16:10",504,1,24,2.99
3823,"2005-07-06 15:41:27","2005-07-09 09:48:27",265,1,25,2.99
7603,"2005-07-27 23:54:44","2005-07-29 01:24:44",497,1,25,2.99
15763,"2005-08-23 13:02:59","2005-08-24 17:45:59",158,1,25,2.99
2556,"2005-06-19 03:07:32","2005-06-23 23:09:32",377,1,25,3.99
3915,"2005-07-06 20:16:46","2005-07-10 17:24:46",163,1,25,3.99
10287,"2005-08-01 03:37:01","2005-08-05 23:03:01",141,1,25,3.99
14235,"2005-08-21 05:08:42","2005-08-29 23:36:42",558,1,25,7.99
653,"2005-05-28 20:12:20","2005-06-04 14:44:20",327,1,25,6.99
2859,"2005-06-19 23:18:42","2005-06-20 22:38:42",147,1,25,2.99
6159,"2005-07-11 09:55:34","2005-07-13 10:01:34",225,1,25,2.99
9763,"2005-07-31 09:34:03","2005-08-08 05:30:03",393,1,25,7.99
15784,"2005-08-23 13:46:00","2005-08-30 11:49:00",425,1,25,6.99
8951,"2005-07-30 03:18:24","2005-08-08 08:50:24",336,1,25,8.99
12252,"2005-08-18 03:59:51","2005-08-25 08:54:51",350,1,25,6.99
699,"2005-05-29 02:11:44","2005-06-04 20:23:44",246,1,26,3.99
3105,"2005-06-20 17:11:46","2005-06-21 11:48:46",385,1,26,0.99
5756,"2005-07-10 12:39:28","2005-07-11 14:08:28",183,1,26,0.99
11426,"2005-08-02 20:00:09","2005-08-09 01:30:09",572,1,26,4.99
12341,"2005-08-18 07:09:27","2005-08-21 03:44:27",154,1,26,0.99
239,"2005-05-26 12:30:26","2005-06-01 13:26:26",49,1,26,3.99
3382,"2005-06-21 14:05:23","2005-06-29 19:13:23",341,1,26,5.99
5859,"2005-07-10 18:02:02","2005-07-11 23:24:02",220,1,26,0.99
8773,"2005-07-29 19:55:34","2005-07-30 14:11:34",592,1,26,0.99
15188,"2005-08-22 15:55:48","2005-08-29 19:10:48",478,1,26,4.99
1861,"2005-06-17 01:17:31","2005-06-25 02:11:31",454,1,27,1.99
6813,"2005-07-12 18:03:50","2005-07-16 16:30:50",54,1,27,0.99
10249,"2005-08-01 02:35:39","2005-08-06 06:50:39",437,1,27,0.99
13450,"2005-08-20 00:18:15","2005-08-24 19:36:15",61,1,27,0.99
4267,"2005-07-07 14:35:30","2005-07-11 10:41:30",410,1,27,0.99
9814,"2005-07-31 11:29:46","2005-08-08 15:49:46",79,1,27,1.99
12125,"2005-08-17 23:24:25","2005-08-25 03:08:25",573,1,27,1.99
8718,"2005-07-29 17:41:14","2005-08-01 18:22:14",23,1,27,0.99
11854,"2005-08-17 13:42:52","2005-08-26 14:04:52",313,1,27,2.99
1751,"2005-06-16 17:00:14","2005-06-17 12:12:14",123,1,27,0.99
5440,"2005-07-09 21:45:17","2005-07-11 22:43:17",332,1,27,0.99
10466,"2005-08-01 09:45:26","2005-08-06 06:28:26",2,1,27,0.99
13165,"2005-08-19 13:34:10","2005-08-21 18:33:10",289,1,27,0.99
91,"2005-05-25 14:57:22","2005-06-01 18:32:22",267,1,28,6.99
1892,"2005-06-17 04:17:33","2005-06-20 00:06:33",319,1,28,4.99
5842,"2005-07-10 17:11:37","2005-07-14 21:43:37",247,1,28,4.99
9120,"2005-07-30 09:26:08","2005-08-08 09:52:08",473,1,28,8.99
14251,"2005-08-21 05:42:20","2005-08-26 06:20:20",486,1,28,4.99
642,"2005-05-28 18:49:12","2005-06-01 20:50:12",157,1,28,4.99
2717,"2005-06-19 14:46:10","2005-06-22 20:17:10",200,1,28,4.99
4739,"2005-07-08 13:25:57","2005-07-11 17:36:57",197,1,28,4.99
8359,"2005-07-29 05:02:12","2005-08-04 08:52:12",531,1,28,5.99
15385,"2005-08-22 22:37:34","2005-08-26 00:36:34",434,1,28,4.99
355,"2005-05-27 06:15:33","2005-06-01 02:50:33",446,1,28,4.99
2121,"2005-06-17 20:38:54","2005-06-22 23:06:54",467,1,28,4.99
6429,"2005-07-12 00:02:50","2005-07-21 02:08:50",342,1,28,8.99
10156,"2005-07-31 22:36:00","2005-08-02 00:03:00",179,1,28,4.99
15013,"2005-08-22 08:42:45","2005-08-24 05:20:45",141,1,28,4.99
1123,"2005-05-31 16:48:43","2005-06-02 19:17:43",448,1,29,2.99
1189,"2005-06-15 01:04:22","2005-06-24 06:48:22",244,1,29,6.99
5785,"2005-07-10 14:06:03","2005-07-17 17:59:03",211,1,29,4.99
9706,"2005-07-31 07:43:19","2005-08-05 11:11:19",508,1,29,2.99
13994,"2005-08-20 19:33:21","2005-08-24 20:55:21",180,1,29,2.99
1134,"2005-05-31 19:14:15","2005-06-02 17:13:15",191,1,29,2.99
2838,"2005-06-19 22:06:06","2005-06-25 22:30:06",292,1,29,3.99
3881,"2005-07-06 18:35:37","2005-07-10 00:06:37",456,1,29,2.99
7128,"2005-07-27 06:14:36","2005-08-02 05:18:36",529,1,29,3.99
14123,"2005-08-21 01:31:25","2005-08-23 02:32:25",66,1,29,2.99
1710,"2005-06-16 14:11:24","2005-06-22 15:26:24",77,1,30,4.99
3860,"2005-07-06 17:20:24","2005-07-09 22:33:24",514,1,30,2.99
10556,"2005-08-01 12:58:42","2005-08-03 07:18:42",117,1,30,2.99
12061,"2005-08-17 21:13:35","2005-08-22 19:18:35",532,1,30,3.99
393,"2005-05-27 11:18:25","2005-05-28 07:10:25",251,1,30,2.99
1564,"2005-06-16 02:47:07","2005-06-24 03:12:07",343,1,30,6.99
3895,"2005-07-06 19:04:24","2005-07-15 17:48:24",584,1,30,7.99
11236,"2005-08-02 13:17:21","2005-08-09 09:53:21",420,1,30,5.99
14844,"2005-08-22 02:09:12","2005-08-31 05:43:12",513,1,30,7.99
21,"2005-05-25 01:59:46","2005-05-26 01:01:46",388,1,31,4.99
1780,"2005-06-16 19:11:45","2005-06-19 15:34:45",352,1,31,4.99
3573,"2005-07-06 03:33:48","2005-07-07 22:39:48",66,1,31,4.99
9157,"2005-07-30 11:06:23","2005-08-05 05:29:23",19,1,31,5.99
15331,"2005-08-22 20:37:57","2005-08-25 21:56:57",147,1,31,4.99
1694,"2005-06-16 12:40:23","2005-06-20 09:18:23",532,1,31,4.99
5821,"2005-07-10 16:07:16","2005-07-14 19:48:16",302,1,31,4.99
9420,"2005-07-30 21:05:18","2005-08-05 23:52:18",72,1,31,5.99
12804,"2005-08-19 00:33:15","2005-08-28 02:16:15",365,1,31,8.99
5083,"2005-07-09 05:30:32","2005-07-11 02:20:32",494,1,31,4.99
11167,"2005-08-02 10:15:51","2005-08-09 09:18:51",451,1,31,6.99
12896,"2005-08-19 03:52:44","2005-08-24 22:27:44",220,1,31,4.99
5134,"2005-07-09 07:53:12","2005-07-16 05:30:12",491,1,31,6.99
7053,"2005-07-27 03:38:54","2005-07-31 01:13:54",408,1,31,4.99
15825,"2005-08-23 15:10:42","2005-08-29 09:28:42",346,1,31,5.99
8648,"2005-07-29 14:56:21","2005-07-31 16:56:21",416,1,35,2.99
15367,"2005-08-22 21:47:53","2005-08-27 17:54:53",355,1,35,3.99
1574,"2005-06-16 03:39:56","2005-06-22 05:40:56",305,1,35,4.99
5205,"2005-07-09 10:56:37","2005-07-13 05:45:37",79,1,35,2.99
9394,"2005-07-30 20:06:24","2005-08-06 22:36:24",204,1,35,5.99
15324,"2005-08-22 20:23:13","2005-08-29 18:23:13",93,1,35,5.99
5754,"2005-07-10 12:32:43","2005-07-12 13:11:43",291,1,35,2.99
7848,"2005-07-28 09:24:31","2005-08-05 05:11:31",509,1,35,6.99
11527,"2005-08-17 00:25:06","2005-08-22 21:13:06",264,1,35,3.99
1582,"2005-06-16 04:31:57","2005-06-22 01:25:57",536,1,35,4.99
5739,"2005-07-10 11:51:50","2005-07-19 17:40:50",219,1,35,7.99
10051,"2005-07-31 19:14:20","2005-08-05 19:45:20",74,1,35,3.99
13523,"2005-08-20 02:47:03","2005-08-28 07:43:03",572,1,35,6.99
11462,"2005-08-02 21:36:46","2005-08-10 01:48:46",268,1,37,7.99
12558,"2005-08-18 14:52:35","2005-08-26 09:45:35",289,1,37,7.99
1993,"2005-06-17 10:59:24","2005-06-23 07:30:24",234,1,37,5.99
5780,"2005-07-10 13:46:23","2005-07-14 17:19:23",516,1,37,3.99
10829,"2005-08-01 23:17:06","2005-08-09 17:22:06",554,1,37,7.99
12893,"2005-08-19 03:46:43","2005-08-20 08:38:43",498,1,37,2.99
10873,"2005-08-02 00:30:34","2005-08-07 00:16:34",506,1,37,4.99
14494,"2005-08-21 14:02:50","2005-08-22 16:45:50",5,1,37,2.99
6897,"2005-07-12 21:30:41","2005-07-15 03:19:41",13,1,37,2.99
9830,"2005-07-31 11:59:05","2005-08-06 10:38:05",112,1,37,5.99
15563,"2005-08-23 05:08:58","2005-08-24 04:24:58",372,1,37,2.99
6643,"2005-07-12 10:39:22","2005-07-18 13:52:22",88,1,39,1.99
7359,"2005-07-27 14:51:04","2005-07-31 16:03:04",183,1,39,0.99
12233,"2005-08-18 03:16:54","2005-08-22 04:48:54",535,1,39,0.99
7358,"2005-07-27 14:49:44","2005-07-28 20:00:44",245,1,39,0.99
12908,"2005-08-19 04:19:05","2005-08-25 09:50:05",340,1,39,1.99
1639,"2005-06-16 08:33:39","2005-06-25 07:51:39",450,1,39,4.99
4146,"2005-07-07 08:30:16","2005-07-12 07:52:16",411,1,39,0.99
7746,"2005-07-28 05:48:56","2005-08-04 07:33:56",299,1,39,2.99
13583,"2005-08-20 05:29:45","2005-08-26 06:49:45",74,1,39,1.99
3128,"2005-06-20 18:41:47","2005-06-24 20:54:47",543,1,43,2.99
6188,"2005-07-11 11:31:47","2005-07-15 09:28:47",114,1,43,2.99
11239,"2005-08-02 13:27:11","2005-08-03 14:36:11",111,1,43,2.99
11561,"2005-08-17 01:23:09","2005-08-23 21:02:09",149,1,43,2.99
196,"2005-05-26 06:55:58","2005-05-27 10:54:58",184,1,43,2.99
2695,"2005-06-19 13:25:53","2005-06-24 17:12:53",208,1,43,2.99
3638,"2005-07-06 07:08:17","2005-07-13 12:30:17",452,1,43,3.99
9972,"2005-07-31 16:42:43","2005-08-02 11:05:43",506,1,43,2.99
11537,"2005-08-17 00:41:08","2005-08-19 00:25:08",474,1,43,2.99
4154,"2005-07-07 08:58:23","2005-07-14 03:16:23",594,1,43,3.99
10758,"2005-08-01 20:22:51","2005-08-10 16:11:51",373,1,43,5.99
12969,"2005-08-19 06:38:59","2005-08-25 09:09:59",224,1,43,2.99
5564,"2005-07-10 03:23:05","2005-07-16 07:46:05",355,1,44,5.99
9066,"2005-07-30 07:28:54","2005-08-02 05:23:54",171,1,44,4.99
15445,"2005-08-23 00:48:29","2005-08-28 00:33:29",28,1,44,4.99
2308,"2005-06-18 08:41:48","2005-06-22 03:36:48",1,1,44,4.99
6784,"2005-07-12 16:28:49","2005-07-15 17:27:49",578,1,44,4.99
6950,"2005-07-26 23:45:33","2005-07-31 04:40:33",503,1,44,4.99
14181,"2005-08-21 03:16:30","2005-08-29 06:25:30",210,1,44,7.99
2582,"2005-06-19 04:56:27","2005-06-26 08:56:27",267,1,45,6.99
6642,"2005-07-12 10:37:52","2005-07-13 15:13:52",441,1,45,4.99
10459,"2005-08-01 09:20:09","2005-08-03 11:36:09",131,1,45,4.99
14747,"2005-08-21 23:00:02","2005-08-26 18:58:02",153,1,45,4.99
2790,"2005-06-19 18:49:45","2005-06-21 00:13:45",97,1,45,4.99
4998,"2005-07-09 01:07:21","2005-07-10 05:48:21",534,1,45,4.99
7636,"2005-07-28 01:08:36","2005-08-03 21:36:36",51,1,45,5.99
14036,"2005-08-20 21:35:27","2005-08-23 03:29:27",256,1,45,4.99
4033,"2005-07-07 02:35:46","2005-07-16 01:12:46",453,1,45,8.99
9707,"2005-07-31 07:44:18","2005-08-08 12:45:18",351,1,45,7.99
11571,"2005-08-17 01:37:51","2005-08-17 20:30:51",296,1,45,4.99
2617,"2005-06-19 07:48:31","2005-06-27 11:56:31",313,1,45,7.99
3583,"2005-07-06 04:10:43","2005-07-14 22:17:43",574,1,45,7.99
11311,"2005-08-02 15:53:48","2005-08-03 16:32:48",197,1,45,4.99
12814,"2005-08-19 00:58:24","2005-08-21 05:46:24",465,1,45,4.99
124,"2005-05-25 20:46:11","2005-05-30 00:47:11",246,1,48,6.99
3235,"2005-06-21 02:46:17","2005-06-22 20:58:17",49,1,48,4.99
4155,"2005-07-07 09:00:49","2005-07-13 10:59:49",548,1,48,7.99
8851,"2005-07-29 23:26:19","2005-08-05 03:59:19",445,1,48,8.99
14412,"2005-08-21 11:02:09","2005-08-29 06:44:09",121,1,48,9.99
1118,"2005-05-31 16:23:02","2005-06-03 20:00:02",510,1,48,4.99
2739,"2005-06-19 15:58:38","2005-06-27 15:01:38",212,1,48,9.99
3561,"2005-07-06 02:54:33","2005-07-14 07:44:33",231,1,48,9.99
7233,"2005-07-27 10:08:36","2005-07-31 16:00:36",245,1,48,5.99
11818,"2005-08-17 12:22:04","2005-08-25 15:59:04",512,1,48,9.99
2567,"2005-06-19 04:04:46","2005-06-19 23:39:46",496,1,49,2.99
5479,"2005-07-09 23:47:33","2005-07-13 01:09:33",250,1,49,2.99
8785,"2005-07-29 20:36:26","2005-07-30 15:06:26",42,1,49,2.99
12093,"2005-08-17 22:28:40","2005-08-22 02:05:40",141,1,49,2.99
9038,"2005-07-30 06:23:35","2005-08-06 11:10:35",514,1,49,3.99
15834,"2005-08-23 15:23:50","2005-09-01 19:31:50",165,1,49,5.99
5198,"2005-07-09 10:49:10","2005-07-13 04:52:10",101,1,49,2.99
7479,"2005-07-27 19:18:17","2005-07-30 18:55:17",434,1,49,2.99
13280,"2005-08-19 18:02:51","2005-08-21 23:17:51",368,1,49,2.99
8687,"2005-07-29 16:19:17","2005-08-01 15:28:17",117,1,50,2.99
14408,"2005-08-21 10:47:24","2005-08-27 08:18:24",593,1,50,5.99
6820,"2005-07-12 18:21:30","2005-07-14 15:14:30",243,1,50,2.99
9322,"2005-07-30 17:21:39","2005-08-06 16:58:39",439,1,50,6.99
15921,"2005-08-23 18:06:54","2005-08-30 20:19:54",522,1,50,6.99
5151,"2005-07-09 08:31:03","2005-07-10 08:18:03",228,1,50,2.99
8723,"2005-07-29 18:03:47","2005-08-06 18:53:47",39,1,50,7.99
13952,"2006-02-14 15:16:03",NULL,199,1,50,2.99
670,"2005-05-28 22:04:03","2005-06-06 22:43:03",201,1,51,6.99
2040,"2005-06-17 14:18:37","2005-06-22 19:08:37",260,1,51,2.99
6796,"2005-07-12 16:44:16","2005-07-16 14:48:16",291,1,51,2.99
7176,"2005-07-27 08:04:28","2005-07-29 14:00:28",257,1,51,2.99
15141,"2005-08-22 13:41:49","2005-08-28 15:25:49",541,1,51,3.99
1468,"2005-06-15 20:48:22","2005-06-21 19:48:22",230,1,51,3.99
4629,"2005-07-08 08:31:26","2005-07-17 12:07:26",563,1,51,6.99
7312,"2005-07-27 13:03:14","2005-07-31 07:56:14",543,1,51,2.99
12405,"2005-08-18 09:37:30","2005-08-27 13:11:30",266,1,51,6.99
1522,"2005-06-16 00:17:39","2005-06-22 05:38:39",133,1,53,3.99
6612,"2005-07-12 08:28:33","2005-07-17 06:25:33",152,1,53,2.99
10477,"2005-08-01 10:04:17","2005-08-06 11:32:17",506,1,53,2.99
15879,"2005-08-23 16:42:53","2005-08-29 16:21:53",482,1,53,3.99
5881,"2005-07-10 19:19:43","2005-07-12 20:11:43",25,1,53,2.99
7280,"2005-07-27 11:50:52","2005-07-30 15:53:52",342,1,53,2.99
14374,"2006-02-14 15:16:03",NULL,213,1,53,2.99
3231,"2005-06-21 02:25:00","2005-06-23 05:46:00",28,1,54,0.99
6741,"2005-07-12 14:24:16","2005-07-15 08:31:16",359,1,54,0.99
7886,"2005-07-28 10:37:55","2005-08-04 13:22:55",352,1,54,2.99
14777,"2005-08-21 23:55:50","2005-08-28 04:31:50",389,1,54,2.99
2145,"2005-06-17 22:10:36","2005-06-18 21:07:36",388,1,54,0.99
6587,"2005-07-12 06:56:26","2005-07-20 05:53:26",419,1,54,3.99
7167,"2005-07-27 07:37:26","2005-08-03 06:39:26",380,1,54,2.99
13490,"2005-08-20 01:29:29","2005-08-21 22:36:29",18,1,54,0.99
67,"2005-05-25 09:41:01","2005-05-27 13:46:01",119,1,54,0.99
1218,"2005-06-15 03:24:44","2005-06-21 22:45:44",371,1,54,1.99
4643,"2005-07-08 09:13:56","2005-07-10 12:09:56",436,1,54,0.99
11093,"2005-08-02 07:59:49","2005-08-11 06:01:49",82,1,54,4.99
13370,"2005-08-19 21:20:11","2005-08-25 22:51:11",101,1,54,1.99
728,"2005-05-29 06:12:38","2005-06-03 07:41:38",551,1,55,2.99
1215,"2005-06-15 03:21:00","2005-06-19 03:39:00",102,1,55,2.99
5102,"2005-07-09 06:25:48","2005-07-16 11:32:48",316,1,55,3.99
11351,"2005-08-02 17:28:07","2005-08-09 21:55:07",198,1,55,3.99
12471,"2005-08-18 11:57:00","2005-08-26 13:17:00",101,1,55,4.99
2158,"2005-06-17 23:36:27","2005-06-19 19:25:27",530,1,55,2.99
6498,"2005-07-12 03:05:38","2005-07-19 07:12:38",48,1,55,3.99
7428,"2005-07-27 17:21:52","2005-08-05 17:13:52",90,1,55,5.99
15920,"2005-08-23 18:05:10","2005-08-26 18:09:10",212,1,55,2.99
1494,"2005-06-15 21:54:20","2005-06-19 18:46:20",575,1,55,2.99
5627,"2005-07-10 05:51:12","2005-07-17 09:56:12",136,1,55,3.99
10683,"2005-08-01 17:33:03","2005-08-04 23:12:03",246,1,55,2.99
13460,"2005-08-20 00:48:24","2005-08-28 04:13:24",410,1,55,4.99
773,"2005-05-29 13:18:05","2005-06-07 17:22:05",563,1,55,5.99
3221,"2005-06-21 01:49:47","2005-06-25 06:31:47",454,1,55,2.99
5301,"2005-07-09 15:42:10","2005-07-16 21:27:10",459,1,55,3.99
9806,"2005-07-31 11:13:49","2005-08-04 06:18:49",46,1,55,2.99
16001,"2005-08-23 20:45:53","2005-08-27 15:52:53",108,1,55,2.99
3309,"2005-06-21 08:00:49","2005-06-29 04:11:49",463,1,56,4.99
4710,"2005-07-08 12:04:53","2005-07-13 11:28:53",590,1,56,2.99
10089,"2005-07-31 20:17:09","2005-08-01 19:14:09",160,1,56,2.99
15689,"2005-08-23 09:52:55","2005-08-29 11:15:55",259,1,56,2.99
300,"2005-05-26 20:57:00","2005-06-05 01:34:00",47,1,56,6.99
2189,"2005-06-18 01:20:26","2005-06-25 00:30:26",500,1,56,3.99
4982,"2005-07-09 00:30:52","2005-07-15 23:50:52",162,1,56,2.99
9752,"2005-07-31 09:22:02","2005-08-02 14:34:02",199,1,56,2.99
15022,"2005-08-22 08:55:43","2005-08-31 05:35:43",506,1,56,5.99
7272,"2005-07-27 11:30:20","2005-07-29 17:16:20",364,1,56,2.99
11666,"2005-08-17 05:45:10","2005-08-19 06:47:10",531,1,56,2.99
1199,"2005-06-15 01:58:50","2005-06-16 20:30:50",238,1,57,2.99
4086,"2005-07-07 05:26:06","2005-07-12 00:45:06",494,1,57,3.99
7702,"2005-07-28 03:56:05","2005-07-31 03:29:05",349,1,57,2.99
13787,"2005-08-20 12:15:23","2005-08-27 06:24:23",188,1,57,5.99
7194,"2005-07-27 08:39:58","2005-08-01 03:12:58",172,1,57,3.99
15910,"2005-08-23 17:43:16","2005-08-24 21:55:16",456,1,57,2.99
8192,"2005-07-28 22:49:11","2005-07-30 04:13:11",552,1,57,2.99
11878,"2005-08-17 14:23:52","2005-08-21 14:23:52",549,1,57,2.99
6069,"2005-07-11 04:44:59","2005-07-13 01:00:59",553,1,57,2.99
9047,"2005-07-30 06:56:33","2005-08-08 06:40:33",522,1,57,7.99
11775,"2005-08-17 10:25:53","2005-08-22 08:37:53",574,1,57,3.99
5595,"2005-07-10 04:33:45","2005-07-16 04:04:45",572,1,59,4.99
11000,"2005-08-02 04:56:14","2005-08-07 01:39:14",265,1,59,3.99
15086,"2005-08-22 11:21:08","2005-08-30 08:18:08",494,1,59,6.99
2410,"2005-06-18 16:55:08","2005-06-20 12:40:08",381,1,59,2.99
6064,"2005-07-11 04:23:18","2005-07-19 02:21:18",297,1,59,6.99
10024,"2005-07-31 18:26:36","2005-08-09 16:16:36",129,1,59,7.99
12274,"2005-08-18 04:41:47","2005-08-27 07:00:47",47,1,59,7.99
527,"2005-05-28 04:28:38","2005-06-02 08:19:38",169,1,59,3.99
1549,"2005-06-16 01:57:15","2005-06-18 23:30:15",69,1,59,2.99
6374,"2005-07-11 21:36:10","2005-07-17 15:50:10",244,1,59,4.99
9868,"2005-07-31 13:20:08","2005-08-01 18:17:08",378,1,59,2.99
15739,"2005-08-23 11:56:22","2005-08-29 16:10:22",74,1,59,4.99
1544,"2005-06-16 01:28:22","2005-06-17 06:57:22",43,1,60,4.99
3668,"2005-07-06 08:36:48","2005-07-10 11:31:48",514,1,60,5.99
8227,"2005-07-29 00:02:22","2005-07-31 04:05:22",167,1,60,4.99
12257,"2005-08-18 04:11:03","2005-08-25 01:20:03",87,1,60,8.99
613,"2005-05-28 15:27:22","2005-06-02 20:01:22",595,1,60,6.99
1583,"2005-06-16 04:44:23","2005-06-18 03:44:23",37,1,60,4.99
5872,"2005-07-10 18:54:05","2005-07-19 15:41:05",364,1,60,10.99
8377,"2005-07-29 05:27:40","2005-07-30 02:52:40",73,1,60,4.99
15290,"2005-08-22 19:28:02","2005-08-31 20:04:02",404,1,60,10.99
9425,"2005-07-30 21:11:21","2005-08-05 19:00:21",295,1,60,7.99
14867,"2005-08-22 03:14:46","2005-08-25 03:53:46",114,1,60,4.99
1658,"2005-06-16 10:07:10","2005-06-21 09:23:10",568,1,61,4.99
4946,"2005-07-08 22:46:23","2005-07-16 17:19:23",440,1,61,7.99
8927,"2005-07-30 02:13:31","2005-08-01 01:34:31",15,1,61,4.99
11815,"2005-08-17 12:13:26","2005-08-22 17:15:26",192,1,61,4.99
742,"2005-05-29 08:36:30","2005-06-05 11:30:30",483,1,61,6.99
1711,"2005-06-16 14:11:52","2005-06-25 08:49:52",347,1,61,8.99
4122,"2005-07-07 07:15:35","2005-07-14 12:10:35",31,1,61,6.99
7127,"2005-07-27 06:13:48","2005-08-01 02:50:48",486,1,61,4.99
13816,"2005-08-20 13:13:56","2005-08-25 09:46:56",27,1,61,4.99
4023,"2005-07-07 01:55:25","2005-07-08 02:43:25",573,1,61,4.99
10402,"2005-08-01 07:27:19","2005-08-04 12:30:19",410,1,61,4.99
12338,"2005-08-18 07:04:24","2005-08-19 08:36:24",408,1,61,4.99
6798,"2005-07-12 16:49:11","2005-07-19 12:11:11",115,1,61,6.99
9119,"2005-07-30 09:25:56","2005-08-03 03:36:56",305,1,61,4.99
13348,"2005-08-19 20:31:48","2005-08-21 21:01:48",456,1,61,4.99
614,"2005-05-28 15:33:28","2005-06-04 12:27:28",307,1,63,1.99
1633,"2005-06-16 08:08:40","2005-06-17 11:12:40",4,1,63,0.99
5165,"2005-07-09 09:08:53","2005-07-14 06:01:53",590,1,63,0.99
8964,"2005-07-30 03:49:35","2005-08-06 23:28:35",424,1,63,1.99
15337,"2005-08-22 20:49:51","2005-08-26 23:27:51",237,1,63,0.99
10056,"2005-07-31 19:19:13","2005-08-01 16:09:13",237,1,63,0.99
15485,"2005-08-23 02:04:57","2005-08-28 07:05:57",114,1,63,0.99
3244,"2005-06-21 03:01:10","2005-06-24 06:59:10",53,1,66,0.99
4158,"2005-07-07 09:05:42","2005-07-09 04:28:42",433,1,66,0.99
10897,"2005-08-02 01:23:42","2005-08-03 23:27:42",338,1,66,0.99
13697,"2005-08-20 09:21:08","2005-08-29 12:33:08",76,1,66,3.99
4059,"2005-07-07 04:04:26","2005-07-10 22:35:26",401,1,66,0.99
10993,"2005-08-02 04:45:01","2005-08-04 03:32:01",383,1,66,0.99
12194,"2005-08-18 02:04:47","2005-08-25 20:45:47",558,1,66,1.99
4862,"2005-07-08 19:02:46","2005-07-17 20:17:46",291,1,66,3.99
10007,"2005-07-31 17:54:58","2005-08-05 17:24:58",445,1,66,0.99
11889,"2005-08-17 15:08:27","2005-08-18 17:10:27",395,1,66,0.99
3946,"2005-07-06 21:39:24","2005-07-11 16:10:24",13,1,67,2.99
8022,"2005-07-28 15:48:56","2005-08-06 13:40:56",314,1,67,6.99
11743,"2005-08-17 08:49:05","2005-08-22 08:53:05",336,1,67,2.99
6015,"2005-07-11 02:04:12","2005-07-13 02:43:12",596,1,67,2.99
10050,"2005-07-31 19:13:29","2005-08-06 15:44:29",230,1,67,3.99
11993,"2005-08-17 18:27:49","2005-08-21 00:04:49",303,1,67,2.99
10997,"2005-08-02 04:49:02","2005-08-10 08:13:02",334,1,68,7.99
14211,"2005-08-21 04:29:11","2005-08-24 02:50:11",372,1,68,4.99
1085,"2005-05-31 11:15:43","2005-06-07 12:02:43",5,1,68,6.99
1791,"2005-06-16 20:04:28","2005-06-23 22:30:28",76,1,68,6.99
5651,"2005-07-10 07:17:13","2005-07-15 12:13:13",239,1,68,4.99
8322,"2005-07-29 03:52:49","2005-08-02 22:53:49",541,1,68,4.99
14191,"2005-08-21 03:35:58","2005-08-28 00:28:58",423,1,68,6.99
4157,"2005-07-07 09:04:26","2005-07-08 09:55:26",183,1,69,2.99
9778,"2005-07-31 10:02:04","2005-08-04 07:44:04",230,1,69,3.99
12204,"2005-08-18 02:20:35","2005-08-26 01:27:35",575,1,69,7.99
10746,"2005-08-01 19:58:49","2005-08-10 19:00:49",508,1,69,8.99
11856,"2005-08-17 13:44:49","2005-08-21 17:20:49",28,1,69,3.99
9364,"2005-07-30 18:44:44","2005-08-08 23:55:44",87,1,69,8.99
14687,"2005-08-21 20:32:16","2005-08-26 16:17:16",550,1,69,4.99
10337,"2005-08-01 05:01:46","2005-08-10 02:41:46",451,1,69,8.99
15613,"2005-08-23 07:03:19","2005-08-31 07:50:19",461,1,69,7.99
3339,"2005-06-21 10:37:11","2005-06-30 05:04:11",526,1,70,6.99
6085,"2005-07-11 05:24:36","2005-07-16 03:49:36",155,1,70,4.99
11283,"2005-08-02 14:39:46","2005-08-05 10:19:46",134,1,70,4.99
15315,"2005-08-22 20:03:46","2005-08-30 01:51:46",1,1,70,5.99
2339,"2005-06-18 11:29:22","2005-06-21 10:29:22",297,1,70,4.99
6177,"2005-07-11 10:53:49","2005-07-17 14:54:49",589,1,70,4.99
10356,"2005-08-01 05:49:17","2005-08-10 05:57:17",56,1,70,6.99
12557,"2005-08-18 14:51:03","2005-08-19 13:30:03",364,1,70,4.99
2220,"2005-06-18 03:21:36","2005-06-21 07:45:36",587,1,72,2.99
4411,"2005-07-07 21:54:58","2005-07-14 16:14:58",224,1,72,3.99
10363,"2005-08-01 06:01:52","2005-08-05 03:56:52",174,1,72,2.99
15229,"2005-08-22 17:30:25","2005-08-23 14:13:25",63,1,72,2.99
9631,"2005-07-31 05:02:00","2005-08-02 02:04:00",595,1,72,2.99
15967,"2005-08-23 19:50:06","2005-08-29 14:51:06",257,1,72,2.99
4933,"2005-07-08 22:18:29","2005-07-13 03:47:29",579,1,72,2.99
10425,"2005-08-01 08:23:25","2005-08-05 04:29:25",447,1,72,2.99
12140,"2005-08-17 23:57:55","2005-08-21 20:09:55",408,1,72,2.99
2000,"2005-06-17 11:32:30","2005-06-22 13:37:30",163,1,72,2.99
5634,"2005-07-10 06:25:48","2005-07-17 09:07:48",487,1,72,3.99
10335,"2005-08-01 04:59:30","2005-08-05 02:26:30",33,1,72,2.99
12647,"2005-08-18 18:29:51","2005-08-27 22:51:51",520,1,72,5.99
2146,"2005-06-17 22:26:23","2005-06-26 17:10:23",456,1,73,6.99
5774,"2005-07-10 13:31:56","2005-07-18 07:32:56",113,1,73,5.99
8799,"2005-07-29 21:16:47","2005-08-07 22:09:47",237,1,73,6.99
15027,"2005-08-22 09:03:04","2005-08-29 04:03:04",478,1,73,4.99
139,"2005-05-25 23:00:21","2005-05-29 17:12:21",257,1,73,2.99
3029,"2005-06-20 11:51:30","2005-06-25 16:42:30",317,1,73,2.99
5947,"2005-07-10 23:07:42","2005-07-18 23:13:42",331,1,73,5.99
8844,"2005-07-29 23:05:08","2005-08-06 00:24:08",244,1,73,5.99
11576,"2005-08-17 01:53:20","2005-08-19 00:15:20",293,1,73,2.99
5176,"2005-07-09 09:39:31","2005-07-17 11:56:31",119,1,73,5.99
10327,"2005-08-01 04:55:35","2005-08-07 08:17:35",382,1,73,3.99
14675,"2005-08-21 20:01:51","2005-08-26 14:30:51",170,1,73,2.99
7767,"2005-07-28 06:42:02","2005-08-05 11:19:02",139,1,73,5.99
12576,"2005-08-18 15:38:31","2005-08-22 21:29:31",119,1,73,2.99
11111,"2005-08-02 08:21:27","2005-08-06 07:48:27",378,1,74,4.99
11665,"2005-08-17 05:36:57","2005-08-23 01:38:57",254,1,74,6.99
9719,"2005-07-31 08:25:13","2005-08-05 08:22:13",584,1,74,5.99
14807,"2005-08-22 00:57:43","2005-08-26 23:40:43",90,1,74,4.99
7207,"2005-07-27 09:13:26","2005-08-01 10:24:26",51,1,74,5.99
12659,"2005-08-18 19:05:49","2005-08-24 22:12:49",329,1,74,6.99
3810,"2005-07-06 15:18:44","2005-07-12 09:52:44",296,1,76,2.99
11422,"2005-08-02 19:52:08","2005-08-11 18:40:08",72,1,76,5.99
12922,"2005-08-19 04:48:48","2005-08-23 23:32:48",25,1,76,0.99
2891,"2005-06-20 02:02:05","2005-06-25 02:45:05",32,1,76,1.99
3700,"2005-07-06 10:12:19","2005-07-07 14:21:19",72,1,76,0.99
8259,"2005-07-29 01:05:16","2005-08-01 23:27:16",274,1,76,0.99
13673,"2005-08-20 08:27:30","2005-08-26 05:14:30",332,1,76,2.99
8495,"2005-07-29 09:05:06","2005-08-06 05:48:06",51,1,76,4.99
12017,"2005-08-17 19:33:49","2005-08-22 01:16:49",573,1,76,1.99
5768,"2005-07-10 13:15:26","2005-07-15 09:42:26",196,1,77,4.99
9327,"2005-07-30 17:31:03","2005-08-08 19:16:03",373,1,77,8.99
14523,"2005-08-21 15:03:45","2005-08-22 18:06:45",433,1,77,4.99
6847,"2005-07-12 19:22:37","2005-07-21 18:53:37",63,1,77,8.99
7724,"2005-07-28 04:46:30","2005-08-04 08:41:30",3,1,77,6.99
15709,"2005-08-23 10:36:00","2005-08-28 06:18:00",206,1,77,4.99
10565,"2005-08-01 13:08:27","2005-08-02 10:30:27",165,1,77,4.99
14135,"2005-08-21 01:53:54","2005-08-27 05:57:54",59,1,77,5.99
8398,"2005-07-29 06:12:40","2005-08-02 05:01:40",220,1,77,4.99
13875,"2005-08-20 15:13:11","2005-08-21 13:11:11",83,1,77,4.99
3190,"2005-06-20 23:27:15","2005-06-28 01:22:15",200,1,78,3.99
5983,"2005-07-11 00:34:11","2005-07-15 05:37:11",127,1,78,2.99
10835,"2005-08-01 23:28:49","2005-08-10 21:28:49",90,1,78,4.99
11609,"2005-08-17 03:41:11","2005-08-25 01:30:11",73,1,78,3.99
1149,"2005-05-31 21:03:17","2005-06-08 19:58:17",326,1,78,3.99
2128,"2005-06-17 20:54:58","2005-06-24 00:41:58",2,1,78,2.99
6151,"2005-07-11 09:25:17","2005-07-12 05:11:17",476,1,78,2.99
8214,"2005-07-28 23:37:57","2005-08-07 00:29:57",509,1,78,5.99
13518,"2005-08-20 02:36:17","2005-08-24 08:06:17",528,1,78,2.99
771,"2005-05-29 12:59:14","2005-06-01 16:05:14",476,1,78,2.99
3167,"2005-06-20 21:42:29","2005-06-22 00:36:29",464,1,78,2.99
4230,"2005-07-07 12:46:47","2005-07-15 06:52:47",205,1,78,3.99
8200,"2005-07-28 23:10:46","2005-07-29 18:35:46",185,1,78,2.99
14911,"2005-08-22 04:51:42","2005-08-28 05:37:42",273,1,78,2.99
9175,"2005-07-30 11:47:48","2005-08-02 08:13:48",133,1,79,0.99
15023,"2005-08-22 08:56:48","2005-08-29 08:13:48",296,1,79,2.99
5880,"2005-07-10 19:14:58","2005-07-17 01:13:58",482,1,79,2.99
9809,"2005-07-31 11:19:21","2005-08-08 12:43:21",286,1,79,3.99
12606,"2005-08-18 17:02:21","2005-08-24 22:38:21",275,1,79,1.99
366,"2005-05-27 07:33:54","2005-06-04 01:55:54",134,1,79,3.99
1669,"2005-06-16 10:20:20","2005-06-18 04:26:20",73,1,79,0.99
4395,"2005-07-07 21:13:22","2005-07-08 22:59:22",544,1,79,0.99
9664,"2005-07-31 06:12:08","2005-08-04 02:19:08",13,1,79,0.99
13085,"2005-08-19 10:28:22","2005-08-22 07:37:22",215,1,79,0.99
4426,"2005-07-07 22:28:32","2005-07-16 02:04:32",242,1,80,4.99
9840,"2005-07-31 12:23:18","2005-08-06 15:59:18",388,1,80,2.99
13182,"2006-02-14 15:16:03",NULL,496,1,80,2.99
11344,"2005-08-02 17:13:26","2005-08-07 16:44:26",38,1,80,2.99
11530,"2005-08-17 00:29:00","2005-08-22 03:22:00",400,1,80,2.99
8424,"2005-07-29 07:06:03","2005-08-06 12:00:03",138,1,80,3.99
14858,"2005-08-22 02:46:18","2005-08-30 08:22:18",499,1,80,3.99
1,"2005-05-24 22:53:30","2005-05-26 22:04:30",130,1,80,2.99
1577,"2005-06-16 04:03:28","2005-06-24 22:40:28",327,1,80,3.99
3584,"2005-07-06 04:16:43","2005-07-13 07:08:43",207,1,80,2.99
10507,"2005-08-01 11:22:20","2005-08-04 13:18:20",45,1,80,2.99
13641,"2005-08-20 07:34:42","2005-08-26 05:18:42",281,1,80,2.99
250,"2005-05-26 14:30:24","2005-05-27 08:50:24",539,1,81,4.99
1307,"2005-06-15 10:06:15","2005-06-20 04:50:15",507,1,81,4.99
4353,"2005-07-07 19:19:05","2005-07-13 13:40:05",452,1,81,4.99
9910,"2005-07-31 14:47:57","2005-08-05 18:20:57",122,1,81,4.99
13069,"2005-08-19 09:55:20","2005-08-24 04:10:20",299,1,81,4.99
5142,"2005-07-09 08:05:23","2005-07-13 12:37:23",56,1,81,4.99
10570,"2005-08-01 13:23:06","2005-08-05 15:30:06",21,1,81,4.99
15549,"2005-08-23 04:27:06","2005-09-01 06:07:06",170,1,81,7.99
7170,"2005-07-27 07:58:26","2005-07-28 02:30:26",140,1,81,4.99
15685,"2005-08-23 09:41:28","2005-08-30 10:11:28",491,1,81,5.99
3466,"2005-06-21 22:13:33","2005-06-25 21:01:33",226,1,81,4.99
3512,"2005-07-06 00:43:06","2005-07-12 06:18:06",291,1,81,4.99
10692,"2005-08-01 18:12:35","2005-08-07 13:06:35",596,1,81,4.99
14461,"2005-08-21 12:50:33","2005-08-30 13:35:33",42,1,81,7.99
701,"2005-05-29 02:26:27","2005-06-03 04:59:27",112,1,82,2.99
2316,"2005-06-18 09:04:59","2005-06-20 09:39:59",289,1,82,0.99
6708,"2005-07-12 13:10:55","2005-07-21 07:36:55",82,1,82,6.99
9261,"2005-07-30 14:39:35","2005-08-08 11:26:35",380,1,82,6.99
14804,"2005-08-22 00:51:25","2005-08-26 21:15:25",94,1,82,1.99
102,"2005-05-25 17:22:10","2005-05-31 19:47:10",343,1,82,3.99
2706,"2005-06-19 13:56:51","2005-06-21 17:23:51",559,1,82,0.99
5064,"2005-07-09 04:38:51","2005-07-18 00:33:51",512,1,82,6.99
7088,"2005-07-27 04:42:28","2005-08-04 07:09:28",88,1,82,5.99
11556,"2005-08-17 01:11:53","2005-08-18 23:41:53",9,1,82,0.99
1347,"2005-06-15 12:43:43","2005-06-16 09:55:43",190,1,83,2.99
5467,"2005-07-09 23:05:47","2005-07-16 17:06:47",543,1,83,4.99
8763,"2005-07-29 19:38:24","2005-08-04 16:51:24",510,1,83,3.99
14007,"2005-08-20 20:22:47","2005-08-28 20:40:47",284,1,83,5.99
577,"2005-05-28 11:09:14","2005-06-01 13:27:14",6,1,83,2.99
2949,"2005-06-20 06:05:53","2005-06-29 03:19:53",78,1,83,6.99
6672,"2005-07-12 11:49:16","2005-07-13 07:03:16",439,1,83,2.99
8489,"2005-07-29 08:58:03","2005-08-02 07:50:03",265,1,83,2.99
11612,"2005-08-17 03:48:51","2005-08-20 03:03:51",526,1,83,2.99
2581,"2005-06-19 04:54:13","2005-06-23 23:28:13",456,1,83,2.99
3686,"2005-07-06 09:37:50","2005-07-09 10:15:50",548,1,83,2.99
7015,"2005-07-27 02:15:01","2005-07-28 07:46:01",34,1,83,2.99
14443,"2005-08-21 12:06:32","2005-08-29 13:44:32",447,1,83,5.99
793,"2005-05-29 16:44:08","2005-06-06 19:21:08",528,1,84,5.99
1271,"2005-06-15 07:32:24","2005-06-21 05:12:24",560,1,84,4.99
3962,"2005-07-06 22:13:45","2005-07-15 00:22:45",307,1,84,6.99
11215,"2005-08-02 12:20:42","2005-08-06 14:01:42",197,1,84,4.99
13785,"2005-08-20 12:11:46","2005-08-21 06:39:46",453,1,84,4.99
42,"2005-05-25 05:24:58","2005-05-31 02:47:58",523,1,84,4.99
2694,"2005-06-19 13:17:21","2005-06-24 15:09:21",368,1,84,4.99
5239,"2005-07-09 13:12:35","2005-07-10 13:37:35",497,1,84,4.99
8832,"2005-07-29 22:37:49","2005-08-04 23:32:49",125,1,84,4.99
13293,"2005-08-19 18:35:52","2005-08-23 17:18:52",399,1,84,4.99
8643,"2005-07-29 14:45:23","2005-08-04 18:42:23",59,1,84,4.99
13473,"2005-08-20 01:03:50","2005-08-22 02:33:50",390,1,84,4.99
3941,"2005-07-06 21:20:37","2005-07-09 01:35:37",560,1,84,4.99
10798,"2005-08-01 22:03:10","2005-08-08 01:34:10",141,1,84,4.99
14213,"2005-08-21 04:30:47","2005-08-24 23:01:47",511,1,84,4.99
888,"2005-05-30 07:13:14","2005-06-06 09:50:14",128,1,86,5.99
2527,"2005-06-19 01:10:31","2005-06-20 05:37:31",463,1,86,4.99
5751,"2005-07-10 12:25:11","2005-07-11 15:23:11",479,1,86,4.99
9507,"2005-07-31 00:22:29","2005-08-07 05:59:29",525,1,86,5.99
12489,"2006-02-14 15:16:03",NULL,60,1,86,9.98
8386,"2005-07-29 05:45:30","2005-08-05 03:56:30",435,1,86,5.99
12138,"2005-08-17 23:55:54","2005-08-26 23:32:54",317,1,86,7.99
16,"2005-05-25 00:43:11","2005-05-26 04:42:11",316,1,86,4.99
1620,"2005-06-16 07:21:30","2005-06-17 09:46:30",561,1,86,4.99
5679,"2005-07-10 08:44:02","2005-07-14 05:30:02",138,1,86,4.99
9289,"2005-07-30 15:57:04","2005-08-07 18:46:04",453,1,86,6.99
13045,"2005-08-19 09:17:35","2005-08-23 12:04:35",254,1,86,4.99
987,"2005-05-30 22:59:12","2005-06-07 20:56:12",11,1,86,6.99
1649,"2005-06-16 09:20:33","2005-06-18 13:42:33",352,1,86,4.99
4762,"2005-07-08 14:54:42","2005-07-12 18:08:42",36,1,86,4.99
7911,"2005-07-28 11:46:45","2005-07-29 07:19:45",3,1,86,4.99
13618,"2005-08-20 06:36:46","2005-08-29 05:17:46",390,1,86,7.99
133,"2005-05-25 21:48:30","2005-05-30 00:26:30",237,1,89,0.99
1908,"2005-06-17 05:10:36","2005-06-19 03:52:36",358,1,89,0.99
5734,"2005-07-10 11:37:28","2005-07-16 11:10:28",447,1,89,0.99
7042,"2005-07-27 03:20:18","2005-08-01 02:23:18",188,1,89,0.99
15106,"2005-08-22 12:01:48","2005-08-27 16:12:48",155,1,89,0.99
5629,"2005-07-10 06:02:25","2005-07-16 07:33:25",546,1,89,0.99
7514,"2005-07-27 20:51:49","2005-07-29 18:21:49",44,1,89,0.99
15406,"2005-08-22 23:21:22","2005-08-28 22:21:22",227,1,89,0.99
7473,"2005-07-27 19:05:40","2005-08-05 14:47:40",341,1,89,2.99
13826,"2005-08-20 13:46:38","2005-08-29 13:07:38",436,1,89,2.99
8672,"2005-07-29 15:49:48","2005-08-06 17:59:48",495,1,90,5.99
13270,"2005-08-19 17:41:16","2005-08-23 20:22:16",159,1,90,1.99
6707,"2005-07-12 13:07:55","2005-07-16 16:26:55",80,1,90,1.99
8843,"2005-07-29 23:04:25","2005-08-05 22:12:25",294,1,90,4.99
12983,"2005-08-19 07:06:51","2005-08-28 10:35:51",148,1,90,6.99
978,"2005-05-30 21:30:52","2005-06-07 16:22:52",154,1,90,5.99
2151,"2005-06-17 22:52:37","2005-06-20 22:00:37",329,1,90,0.99
4457,"2005-07-07 23:45:38","2005-07-09 20:02:38",567,1,90,0.99
10139,"2005-07-31 22:02:20","2005-08-04 02:09:20",441,1,90,1.99
12277,"2006-02-14 15:16:03",NULL,33,1,90,0.99
10496,"2005-08-01 10:53:16","2005-08-08 10:34:16",525,1,91,2.99
13723,"2005-08-20 10:05:30","2005-08-27 07:43:30",110,1,91,2.99
6438,"2005-07-12 00:23:01","2005-07-17 22:45:01",211,1,91,0.99
8544,"2005-07-29 11:02:08","2005-08-06 15:06:08",542,1,91,3.99
14695,"2005-08-21 20:46:47","2005-08-22 22:25:47",206,1,91,0.99
8065,"2005-07-28 17:15:48","2005-08-04 15:49:48",220,1,91,2.99
14794,"2005-08-22 00:39:31","2005-08-28 20:08:31",156,1,91,1.99
4899,"2005-07-08 20:37:11","2005-07-10 21:53:11",32,1,91,0.99
9440,"2005-07-30 21:40:15","2005-08-04 15:45:15",535,1,91,0.99
12660,"2005-08-18 19:07:23","2005-08-27 17:20:23",21,1,91,4.99
4331,"2005-07-07 18:22:30","2005-07-13 18:20:30",535,1,92,4.99
9584,"2005-07-31 03:05:48","2005-08-01 05:50:48",141,1,92,4.99
12822,"2005-08-19 01:15:24","2005-08-20 06:38:24",426,1,92,4.99
7130,"2005-07-27 06:23:36","2005-07-28 10:23:36",81,1,92,4.99
13096,"2005-08-19 10:49:03","2005-08-21 05:33:03",13,1,92,4.99
9760,"2005-07-31 09:29:33","2005-08-09 07:32:33",511,1,94,4.99
12823,"2005-08-19 01:15:47","2005-08-22 05:32:47",316,1,94,2.99
5945,"2005-07-10 22:52:42","2005-07-11 21:52:42",374,1,94,2.99
10628,"2005-08-01 15:33:19","2005-08-05 17:27:19",285,1,94,2.99
13899,"2005-08-20 16:05:11","2005-08-23 15:14:11",204,1,94,2.99
2084,"2005-06-17 17:17:19","2005-06-22 14:57:19",92,1,95,4.99
4860,"2005-07-08 18:54:07","2005-07-17 15:09:07",123,1,95,8.99
11059,"2005-08-02 06:41:38","2005-08-09 04:34:38",189,1,95,6.99
15828,"2005-08-23 15:16:32","2005-08-29 12:20:32",327,1,95,5.99
8913,"2005-07-30 01:35:01","2005-08-06 06:13:01",391,1,95,6.99
13326,"2005-08-19 19:52:52","2005-08-20 18:56:52",576,1,95,4.99
6560,"2005-07-12 05:22:06","2005-07-15 00:04:06",54,1,96,2.99
9984,"2005-07-31 17:12:23","2005-08-01 21:04:23",432,1,96,2.99
13077,"2005-08-19 10:15:19","2005-08-21 06:51:19",241,1,96,2.99
388,"2005-05-27 10:37:27","2005-05-30 05:45:27",28,1,96,2.99
2082,"2005-06-17 17:13:32","2005-06-19 16:16:32",254,1,96,2.99
3772,"2005-07-06 13:22:53","2005-07-10 11:54:53",338,1,96,2.99
11116,"2005-08-02 08:34:40","2005-08-09 04:56:40",344,1,96,5.99
12348,"2005-08-18 07:21:47","2005-08-25 04:41:47",186,1,96,5.99
260,"2005-05-26 15:42:20","2005-05-31 13:21:20",21,1,96,3.99
1478,"2005-06-15 21:12:13","2005-06-18 21:43:13",336,1,96,2.99
5037,"2005-07-09 02:59:10","2005-07-15 07:54:10",524,1,96,4.99
7425,"2005-07-27 17:18:35","2005-08-02 11:18:35",263,1,96,4.99
12815,"2005-08-19 00:59:42","2005-08-25 21:43:42",588,1,96,4.99
5422,"2005-07-09 20:55:47","2005-07-15 15:15:47",409,1,97,0.99
9887,"2005-07-31 14:00:32","2005-08-05 19:16:32",549,1,97,0.99
11497,"2005-08-16 22:52:30","2005-08-21 19:52:30",12,1,97,0.99
8131,"2005-07-28 19:55:21","2005-08-02 21:52:21",281,1,97,0.99
14156,"2005-08-21 02:35:16","2005-08-27 01:32:16",147,1,97,0.99
4406,"2005-07-07 21:35:16","2005-07-15 16:13:16",448,1,97,1.99
10037,"2005-07-31 18:48:08","2005-08-09 19:11:08",58,1,97,2.99
15994,"2005-08-23 20:29:10","2005-08-28 01:41:10",595,1,97,0.99
4105,"2005-07-07 06:31:00","2005-07-09 03:52:00",423,1,97,0.99
7941,"2005-07-28 12:47:20","2005-08-01 08:46:20",566,1,97,0.99
11733,"2005-08-17 08:31:03","2005-08-21 05:44:03",251,1,97,0.99
3203,"2005-06-21 00:34:56","2005-06-29 23:30:56",158,1,98,8.99
4885,"2005-07-08 19:51:17","2005-07-12 16:02:17",233,1,98,4.99
9870,"2005-07-31 13:22:51","2005-08-05 16:04:51",195,1,98,5.99
14925,"2005-08-22 05:16:16","2005-08-30 02:47:16",128,1,98,8.99
969,"2005-05-30 19:23:48","2005-05-31 21:14:48",551,1,98,4.99
1640,"2005-06-16 08:35:39","2005-06-17 05:37:39",86,1,98,4.99
3957,"2005-07-06 22:05:47","2005-07-16 01:08:47",414,1,98,10.99
8697,"2005-07-29 16:46:07","2005-08-02 19:27:07",291,1,98,4.99
12289,"2005-08-18 05:05:28","2005-08-26 09:02:28",575,1,98,8.99
3298,"2005-06-21 07:09:44","2005-06-30 11:26:44",492,1,98,9.99
6832,"2005-07-12 18:51:41","2005-07-20 13:29:41",220,1,98,8.99
9315,"2005-07-30 17:05:29","2005-08-01 12:47:29",96,1,98,4.99
13806,"2005-08-20 12:53:46","2005-08-21 10:36:46",341,1,98,4.99
4782,"2005-07-08 16:08:51","2005-07-17 17:56:51",436,1,99,4.99
10634,"2005-08-01 15:37:48","2005-08-02 12:11:48",592,1,99,2.99
15637,"2005-08-23 07:53:38","2005-08-29 03:16:38",172,1,99,2.99
6660,"2005-07-12 11:20:12","2005-07-20 12:58:12",598,1,99,3.99
10745,"2005-08-01 19:57:06","2005-08-07 18:04:06",307,1,99,2.99
12695,"2005-08-18 20:11:35","2005-08-25 18:29:35",483,1,99,2.99
2577,"2005-06-19 04:36:03","2005-06-28 00:38:03",66,1,99,4.99
3667,"2005-07-06 08:36:34","2005-07-15 04:25:34",373,1,99,4.99
7883,"2005-07-28 10:37:20","2005-08-02 05:08:20",526,1,99,2.99
12784,"2005-08-19 00:02:46","2005-08-20 04:39:46",513,1,99,2.99
777,"2005-05-29 14:07:58","2005-06-03 08:41:58",360,1,100,4.99
3435,"2005-06-21 19:14:58","2005-06-24 19:58:58",591,1,100,4.99
5089,"2005-07-09 05:45:40","2005-07-15 05:31:40",289,1,100,4.99
9376,"2005-07-30 19:11:49","2005-08-04 18:14:49",86,1,100,4.99
13762,"2005-08-20 11:29:32","2005-08-23 17:25:32",566,1,100,4.99
626,"2005-05-28 16:58:09","2005-06-01 14:02:09",584,1,100,4.99
2482,"2005-06-18 21:10:44","2005-06-19 20:39:44",122,1,100,4.99
5868,"2005-07-10 18:39:16","2005-07-15 21:19:16",429,1,100,4.99
7480,"2005-07-27 19:19:53","2005-08-02 01:01:53",344,1,100,4.99
12420,"2005-08-18 10:01:50","2005-08-22 08:14:50",477,1,100,4.99
4517,"2005-07-08 02:45:19","2005-07-12 03:04:19",16,1,100,4.99
9496,"2005-07-30 23:55:20","2005-08-02 02:47:20",125,1,100,4.99
13503,"2005-08-20 02:00:33","2005-08-28 21:03:33",15,1,100,5.99
10768,"2005-08-01 20:39:32","2005-08-10 19:41:32",273,1,100,6.99
12171,"2005-08-18 01:06:13","2005-08-22 19:39:13",457,1,100,4.99
1648,"2005-06-16 09:17:07","2005-06-24 06:31:07",427,1,101,5.99
5866,"2005-07-10 18:35:14","2005-07-19 19:41:14",484,1,101,6.99
7150,"2005-07-27 07:11:14","2005-08-05 06:55:14",191,1,101,6.99
13983,"2005-08-20 19:08:32","2005-08-29 23:45:32",231,1,101,6.99
498,"2005-05-28 01:01:21","2005-05-30 21:20:21",287,1,101,0.99
3155,"2005-06-20 21:02:38","2005-06-27 19:34:38",450,1,101,4.99
6559,"2005-07-12 05:20:35","2005-07-16 08:44:35",353,1,101,1.99
8623,"2005-07-29 13:55:11","2005-08-05 11:16:11",142,1,101,4.99
13196,"2005-08-19 14:40:32","2005-08-26 18:15:32",202,1,101,4.99
4952,"2005-07-08 23:00:07","2005-07-09 21:47:07",14,1,101,0.99
8874,"2005-07-30 00:14:45","2005-08-02 22:34:45",564,1,101,0.99
12904,"2005-08-19 04:10:50","2005-08-27 23:24:50",257,1,101,5.99
1156,"2005-05-31 22:37:34","2005-06-01 23:02:34",106,1,101,0.99
2523,"2005-06-19 00:45:56","2005-06-21 00:54:56",89,1,101,0.99
4971,"2005-07-08 23:54:49","2005-07-16 00:15:49",64,1,101,5.99
7180,"2005-07-27 08:14:34","2005-07-31 05:24:34",215,1,101,1.99
11732,"2005-08-17 08:29:46","2005-08-23 14:21:46",137,1,101,3.99
6193,"2005-07-11 11:46:57","2005-07-19 14:11:57",189,1,103,5.99
8174,"2005-07-28 21:36:52","2005-08-04 00:32:52",359,1,103,4.99
14198,"2005-08-21 03:48:31","2005-08-24 07:10:31",381,1,103,4.99
83,"2005-05-25 12:30:15","2005-05-27 15:40:15",131,1,103,4.99
2087,"2005-06-17 17:35:10","2005-06-26 13:52:10",398,1,103,6.99
6492,"2005-07-12 02:28:40","2005-07-17 05:58:40",590,1,103,4.99
8463,"2005-07-29 08:17:51","2005-08-03 13:41:51",203,1,103,4.99
11595,"2005-08-17 02:53:14","2005-08-26 02:05:14",350,1,103,6.99
3210,"2005-06-21 01:00:25","2005-06-23 06:10:25",75,1,103,4.99
3769,"2005-07-06 13:11:33","2005-07-14 17:54:33",567,1,103,5.99
7585,"2005-07-27 23:18:22","2005-07-30 23:08:22",440,1,103,4.99
16026,"2005-08-23 21:49:22","2005-08-27 00:47:22",484,1,103,4.99
1046,"2005-05-31 06:42:30","2005-06-03 04:33:30",179,1,103,4.99
2888,"2005-06-20 01:50:56","2005-06-22 05:05:56",7,1,103,4.99
6883,"2005-07-12 20:50:48","2005-07-19 16:00:48",596,1,103,4.99
11168,"2005-08-02 10:19:42","2005-08-04 08:42:42",555,1,103,4.99
15065,"2005-08-22 10:46:44","2005-08-27 09:40:44",510,1,103,4.99
4613,"2005-07-08 07:44:49","2005-07-09 04:47:49",581,1,105,0.99
10266,"2005-08-01 03:05:59","2005-08-06 06:23:59",49,1,105,0.99
14605,"2005-08-21 17:56:06","2005-08-24 18:35:06",394,1,105,0.99
11388,"2005-08-02 18:35:55","2005-08-09 21:56:55",369,1,105,1.99
14657,"2005-08-21 19:39:43","2005-08-26 22:39:43",244,1,105,0.99
1871,"2005-06-17 02:25:12","2005-06-23 03:16:12",204,1,106,4.99
5610,"2005-07-10 05:09:52","2005-07-13 07:08:52",131,1,106,2.99
8820,"2005-07-29 22:14:56","2005-08-05 23:36:56",594,1,106,5.99
15285,"2005-08-22 19:17:24","2005-08-25 00:25:24",233,1,106,2.99
4336,"2005-07-07 18:34:36","2005-07-10 17:58:36",532,1,106,2.99
7201,"2005-07-27 08:57:40","2005-08-04 09:55:40",598,1,106,6.99
13596,"2005-08-20 05:58:58","2005-08-27 08:35:58",513,1,106,5.99
291,"2005-05-26 20:20:47","2005-06-03 02:06:47",577,1,109,5.99
2877,"2005-06-20 01:07:16","2005-06-24 01:05:16",267,1,109,1.99
6213,"2005-07-11 12:43:07","2005-07-16 07:23:07",23,1,109,2.99
7482,"2005-07-27 19:24:16","2005-08-05 18:49:16",348,1,109,6.99
13128,"2005-08-19 12:04:16","2005-08-26 16:06:16",206,1,109,4.99
6306,"2005-07-11 18:04:26","2005-07-20 14:22:26",208,1,109,6.99
9902,"2005-07-31 14:24:33","2005-08-09 11:11:33",218,1,109,6.99
14634,"2005-08-21 18:51:28","2005-08-29 19:30:28",494,1,109,5.99
546,"2005-05-28 07:16:25","2005-06-01 08:36:25",20,1,109,1.99
2920,"2005-06-20 04:12:46","2005-06-26 23:34:46",588,1,109,3.99
5438,"2005-07-09 21:34:32","2005-07-16 02:21:32",241,1,109,4.99
7294,"2005-07-27 12:38:14","2005-07-30 13:01:14",313,1,109,0.99
11498,"2005-08-16 22:52:54","2005-08-25 03:27:54",482,1,109,6.99
4272,"2005-07-07 14:39:20","2005-07-13 08:57:20",120,1,109,3.99
7376,"2005-07-27 15:23:02","2005-08-04 10:35:02",2,1,109,5.99
13401,"2005-08-19 22:16:16","2005-08-25 19:01:16",139,1,109,3.99
3444,"2005-06-21 20:39:39","2005-06-25 23:44:39",45,1,110,0.99
3851,"2005-07-06 16:54:12","2005-07-11 22:49:12",436,1,110,1.99
10125,"2005-07-31 21:33:03","2005-08-01 19:10:03",178,1,110,0.99
12356,"2005-08-18 07:37:05","2005-08-24 10:49:05",529,1,110,2.99
6009,"2005-07-11 01:51:58","2005-07-18 07:12:58",470,1,110,3.99
9295,"2005-07-30 16:18:39","2005-08-03 12:46:39",102,1,110,0.99
11921,"2005-08-17 16:12:27","2005-08-25 22:07:27",485,1,110,4.99
640,"2005-05-28 18:43:26","2005-05-30 13:39:26",465,1,110,0.99
2566,"2005-06-19 03:45:39","2005-06-25 08:43:39",486,1,110,2.99
5296,"2005-07-09 15:26:27","2005-07-15 10:03:27",109,1,110,2.99
9254,"2005-07-30 14:26:11","2005-08-04 16:12:11",33,1,110,1.99
12011,"2005-08-17 19:19:44","2005-08-23 00:56:44",313,1,110,2.99
6914,"2005-07-12 22:26:56","2005-07-17 20:03:56",361,1,110,1.99
9076,"2005-07-30 07:58:12","2005-08-08 06:04:12",447,1,110,5.99
14551,"2005-08-21 15:57:25","2005-08-28 11:10:25",521,1,110,3.99
6760,"2005-07-12 15:16:00","2005-07-20 13:20:00",502,1,112,8.99
7579,"2005-07-27 23:06:41","2005-07-31 20:08:41",352,1,112,4.99
12686,"2005-08-18 19:55:09","2005-08-26 14:17:09",385,1,112,8.99
5758,"2005-07-10 12:42:43","2005-07-16 10:18:43",363,1,112,6.99
8096,"2005-07-28 18:32:46","2005-08-06 15:00:46",506,1,112,9.99
15338,"2005-08-22 20:51:24","2005-08-24 23:41:24",13,1,112,4.99
238,"2005-05-26 12:30:22","2005-05-27 06:49:22",211,1,112,4.99
3301,"2005-06-21 07:32:25","2005-06-28 06:26:25",444,1,112,7.99
4684,"2005-07-08 10:41:06","2005-07-17 10:35:06",585,1,112,9.99
8694,"2005-07-29 16:44:48","2005-08-06 16:28:48",345,1,112,8.99
15446,"2005-08-23 00:49:24","2005-08-26 02:09:24",379,1,112,4.99
9591,"2005-07-31 03:19:28","2005-08-01 07:30:28",97,1,112,4.99
12358,"2005-08-18 07:41:43","2005-08-20 03:46:43",16,1,112,4.99
2138,"2005-06-17 21:28:14","2005-06-22 01:16:14",254,1,114,2.99
6245,"2005-07-11 14:56:57","2005-07-16 14:35:57",241,1,114,2.99
8585,"2005-07-29 12:14:18","2005-08-03 08:31:18",516,1,114,2.99
12144,"2006-02-14 15:16:03",NULL,587,1,114,0.99
1838,"2005-06-16 23:20:16","2005-06-20 02:34:16",31,1,114,1.99
6343,"2005-07-11 19:51:35","2005-07-12 19:13:35",147,1,114,0.99
8677,"2005-07-29 16:01:13","2005-08-07 19:21:13",315,1,114,6.99
14193,"2005-08-21 03:38:27","2005-08-28 09:16:27",25,1,114,4.99
5906,"2005-07-10 20:41:41","2005-07-14 00:12:41",323,1,114,1.99
11419,"2005-08-02 19:46:38","2005-08-11 14:49:38",444,1,114,6.99
14223,"2005-08-21 04:51:51","2005-08-29 00:37:51",392,1,114,5.99
765,"2005-05-29 11:38:34","2005-06-02 17:04:34",69,1,114,1.99
1387,"2005-06-15 15:40:56","2005-06-17 10:39:56",278,1,114,0.99
6635,"2005-07-12 09:47:58","2005-07-16 15:43:58",273,1,114,1.99
7411,"2005-07-27 16:42:30","2005-08-05 17:38:30",302,1,114,6.99
13786,"2005-08-20 12:13:24","2005-08-28 07:24:24",94,1,114,5.99
11386,"2005-08-02 18:24:03","2005-08-06 21:22:03",183,1,115,2.99
11725,"2005-08-17 08:09:00","2005-08-18 09:50:00",45,1,115,2.99
8577,"2005-07-29 11:56:30","2005-08-07 15:41:30",328,1,115,6.99
13095,"2005-08-19 10:48:10","2005-08-28 06:15:10",508,1,115,6.99
11316,"2005-08-02 16:07:49","2005-08-10 13:22:49",108,1,115,5.99
15306,"2005-08-22 19:46:36","2005-08-27 14:09:36",340,1,115,2.99
11112,"2005-08-02 08:25:14","2005-08-03 08:41:14",207,1,116,2.99
13798,"2006-02-14 15:16:03",NULL,15,1,116,3.98
6473,"2005-07-12 01:35:40","2005-07-20 20:11:40",594,1,116,6.99
7164,"2005-07-27 07:36:34","2005-08-04 05:05:34",284,1,116,6.99
13071,"2005-08-19 10:01:07","2005-08-26 14:26:07",578,1,116,5.99
4109,"2005-07-07 06:39:43","2005-07-10 06:30:43",517,1,117,4.99
9580,"2005-07-31 03:01:11","2005-08-05 06:01:11",22,1,117,4.99
12181,"2005-08-18 01:28:18","2005-08-23 21:17:18",81,1,117,4.99
779,"2005-05-29 14:17:17","2005-06-06 16:46:17",105,1,117,6.99
1556,"2005-06-16 02:19:02","2005-06-17 22:36:02",54,1,117,4.99
4271,"2005-07-07 14:38:52","2005-07-15 12:05:52",150,1,117,6.99
7881,"2005-07-28 10:33:22","2005-08-02 12:10:22",249,1,117,4.99
13517,"2005-08-20 02:33:17","2005-08-23 22:40:17",186,1,117,4.99
8349,"2005-07-29 04:50:22","2005-08-05 08:50:22",416,1,117,5.99
12098,"2005-08-17 22:38:31","2005-08-20 01:56:31",545,1,117,4.99
99,"2005-05-25 16:50:20","2005-05-28 18:52:20",44,1,117,4.99
1714,"2005-06-16 14:29:59","2005-06-24 17:27:59",477,1,117,6.99
4965,"2005-07-08 23:46:57","2005-07-15 18:47:57",432,1,117,5.99
8953,"2005-07-30 03:21:05","2005-08-02 05:24:05",278,1,117,4.99
14944,"2005-08-22 06:01:26","2005-08-24 10:33:26",153,1,117,4.99
3363,"2005-06-21 12:25:07","2005-06-27 11:52:07",261,1,118,0.99
6527,"2005-07-12 04:23:06","2005-07-17 00:20:06",65,1,118,0.99
11464,"2005-08-02 21:42:07","2005-08-03 21:44:07",577,1,118,0.99
15392,"2005-08-22 23:02:15","2005-09-01 01:14:15",410,1,118,3.99
3089,"2005-06-20 15:57:01","2005-06-25 13:15:01",151,1,118,0.99
4314,"2005-07-07 17:38:31","2005-07-09 20:24:31",184,1,118,0.99
8540,"2005-07-29 10:52:51","2005-08-07 11:44:51",180,1,118,2.99
15577,"2006-02-14 15:16:03",NULL,29,1,118,0.99
9096,"2005-07-30 08:39:23","2005-08-01 03:33:23",216,1,118,0.99
12700,"2005-08-18 20:24:46","2005-08-23 21:50:46",397,1,118,0.99
6110,"2005-07-11 07:23:47","2005-07-20 03:17:47",405,1,118,2.99
7781,"2005-07-28 07:13:20","2005-08-06 05:43:20",539,1,118,2.99
14509,"2005-08-21 14:39:58","2005-08-26 13:19:58",520,1,118,0.99
10738,"2005-08-01 19:39:08","2005-08-10 20:37:08",377,1,119,3.99
15534,"2005-08-23 03:55:54","2005-08-24 03:54:54",169,1,119,0.99
7888,"2005-07-28 10:40:24","2005-08-01 16:18:24",378,1,119,0.99
16039,"2005-08-23 22:18:51","2005-08-31 19:55:51",78,1,119,2.99
5073,"2005-07-09 05:02:35","2005-07-15 01:22:35",408,1,119,0.99
9537,"2005-07-31 01:23:00","2005-08-01 01:16:00",488,1,119,0.99
13423,"2005-08-19 23:07:42","2005-08-26 20:45:42",311,1,119,1.99
8533,"2005-07-29 10:29:16","2005-08-01 06:52:16",542,1,120,4.99
15425,"2005-08-23 00:05:57","2005-09-01 05:08:57",259,1,120,10.99
5621,"2005-07-10 05:34:10","2005-07-14 02:49:10",310,1,120,5.99
11086,"2005-08-02 07:38:44","2005-08-11 06:30:44",371,1,120,10.99
399,"2005-05-27 12:48:38","2005-05-29 15:27:38",204,1,120,4.99
2456,"2005-06-18 19:36:50","2005-06-23 22:48:50",147,1,120,6.99
3830,"2005-07-06 16:01:16","2005-07-15 19:35:16",310,1,120,10.99
10480,"2005-08-01 10:13:41","2005-08-03 10:27:41",560,1,120,4.99
14327,"2005-08-21 08:18:18","2005-08-30 02:21:18",457,1,120,10.99
7488,"2005-07-27 19:36:15","2005-08-05 14:14:15",365,1,121,7.99
11538,"2005-08-17 00:44:04","2005-08-18 03:43:04",431,1,121,2.99
10986,"2005-08-02 04:35:24","2005-08-09 07:34:24",597,1,121,5.99
15135,"2005-08-22 13:19:19","2005-08-27 17:09:19",284,1,121,3.99
3388,"2005-06-21 14:34:51","2005-06-28 18:19:51",119,1,121,5.99
3966,"2005-07-06 22:38:49","2005-07-07 23:33:49",495,1,121,2.99
8647,"2005-07-29 14:52:59","2005-08-06 11:09:59",307,1,121,6.99
15738,"2005-08-23 11:55:50","2005-08-30 15:07:50",38,1,121,5.99
3427,"2005-06-21 18:31:09","2005-06-22 14:18:09",561,1,122,0.99
6152,"2005-07-11 09:25:52","2005-07-17 07:40:52",361,1,122,0.99
11108,"2005-08-02 08:20:01","2005-08-03 13:22:01",447,1,122,0.99
15409,"2005-08-22 23:26:32","2005-08-24 22:44:32",188,1,122,0.99
2045,"2005-06-17 14:38:11","2005-06-26 13:44:11",391,1,122,2.99
4535,"2005-07-08 03:40:46","2005-07-13 06:53:46",29,1,122,0.99
10238,"2005-08-01 02:08:05","2005-08-02 01:52:05",192,1,122,0.99
16013,"2005-08-23 21:17:17","2005-08-26 21:15:17",462,1,122,0.99
3302,"2005-06-21 07:33:40","2005-06-29 06:02:40",594,1,122,1.99
5481,"2005-07-09 23:51:57","2005-07-11 05:28:57",479,1,122,0.99
8301,"2005-07-29 03:00:08","2005-08-01 04:26:08",101,1,122,0.99
12639,"2005-08-18 18:13:05","2005-08-27 16:00:05",500,1,122,2.99
4394,"2005-07-07 21:12:45","2005-07-16 18:24:45",156,1,122,2.99
7936,"2005-07-28 12:33:21","2005-07-30 13:31:21",520,1,122,0.99
13870,"2005-08-20 15:09:16","2005-08-28 10:00:16",167,1,122,1.99
10244,"2005-08-01 02:20:01","2005-08-06 23:06:01",51,1,123,4.99
11567,"2005-08-17 01:28:43","2005-08-24 20:20:43",558,1,123,5.99
5416,"2005-07-09 20:33:50","2005-07-14 01:50:50",219,1,123,4.99
7175,"2005-07-27 08:03:22","2005-08-01 02:47:22",190,1,123,4.99
11979,"2005-08-17 18:07:13","2005-08-19 23:12:13",255,1,123,4.99
2924,"2005-06-20 04:20:14","2005-06-21 01:13:14",132,1,127,4.99
6091,"2005-07-11 05:49:18","2005-07-15 07:26:18",383,1,127,4.99
10200,"2005-08-01 00:39:05","2005-08-05 01:07:05",421,1,127,4.99
13111,"2005-08-19 11:25:10","2005-08-21 05:52:10",26,1,127,4.99
745,"2005-05-29 09:22:57","2005-06-01 09:10:57",152,1,127,4.99
2616,"2005-06-19 07:33:00","2005-06-28 03:05:00",478,1,127,8.99
4279,"2005-07-07 15:01:53","2005-07-08 09:43:53",335,1,127,4.99
8390,"2005-07-29 05:52:26","2005-08-04 08:12:26",32,1,127,5.99
13538,"2006-02-14 15:16:03",NULL,279,1,127,4.99
6445,"2005-07-12 00:37:02","2005-07-17 22:05:02",385,1,127,4.99
7118,"2005-07-27 05:53:50","2005-08-05 04:19:50",591,1,127,8.99
11674,"2005-08-17 05:56:27","2005-08-24 08:50:27",306,1,127,6.99
4014,"2005-07-07 00:58:54","2005-07-12 02:40:54",510,1,127,4.99
10840,"2005-08-01 23:38:34","2005-08-07 02:36:34",593,1,127,5.99
13188,"2005-08-19 14:27:03","2005-08-28 09:15:03",472,1,127,8.99
10308,"2005-08-01 04:22:49","2005-08-09 04:39:49",240,1,129,7.99
13363,"2005-08-19 21:07:59","2005-08-21 17:08:59",288,1,129,2.99
10924,"2005-08-02 02:20:19","2005-08-11 05:50:19",540,1,129,8.99
14081,"2005-08-20 23:35:13","2005-08-28 01:41:13",392,1,129,7.99
